{"cameraMode":{"drawMode":0,"name":"Shaded","section":"Shading Mode"},"sceneLighting":false,"audioPlay":false,"sceneViewState":{"showFog":true,"showMaterialUpdate":true,"showSkybox":false,"showFlares":true,"showImageEffects":true,"showParticleSystems":true},"in2DMode":false,"pivot":{"x":-2.0645480155944826,"y":1.9443063735961915,"z":-4.66093111038208},"rotation":{"x":-0.01751522906124592,"y":0.9750407934188843,"z":-0.20508185029029847,"w":-0.08327404409646988},"size":11.081045150756836,"orthographic":false}