{"cameraMode":{"drawMode":0,"name":"Shaded","section":"Shading Mode"},"sceneLighting":false,"audioPlay":false,"sceneViewState":{"showFog":true,"showMaterialUpdate":true,"showSkybox":true,"showFlares":true,"showImageEffects":true,"showParticleSystems":true},"in2DMode":false,"pivot":{"x":-1.418993592262268,"y":4.944856643676758,"z":2.825451374053955},"rotation":{"x":0.12808354198932649,"y":0.8657613396644592,"z":-0.3952743113040924,"w":0.27966639399528506},"size":2.569180488586426,"orthographic":false}